[{
    "label": "Admin",
    "icon": "admin",
    "URL": "admin",
    "hasSubnav": "has-subnav",

    "subnav": [{
        "label": "Subnav Link1",
        "URL": "#"
    }, {
        "label": "Subnav Link2",
        "URL": "#"
    }]
}, {
    "label": "Dashboard",
    "icon": "dashboard",
    "URL": "dashboard"
}, {
    "label": "Employee",
    "icon": "employee",
    "URL": "employee",
    "hasSubnav": "has-subnav",

    "subnav": [{
        "label": "Add New Employee",
        "URL": "employee.add"
    }, {
        "label": "Short View",
        "URL": "#"
    }, {
        "label": "Expanded View",
        "URL": "#"
    }, {
        "label": "Download Template",
        "URL": "#"
    }, {
        "label": "Upload Data",
        "URL": "#"
    }, {
        "label": "Download Data",
        "URL": "#"
    }]
}, {
    "label": "Shelter",
    "icon": "shelter",
    "URL": "shelter",
    "hasSubnav": "has-subnav",

    "subnav": [{
        "label": "Subnav Link1",
        "URL": "#"
    }]
}, {
    "label": "Transportation",
    "icon": "transport",
    "URL": "transportation",
    "hasSubnav": "has-subnav",
    "subnav": [{
        "label": "Subnav Link1",
        "URL": "#"
    }]
}, {
    "label": "Reports",
    "icon": "reports",
    "URL": "reports",
    "hasSubnav": "has-subnav",

    "subnav": [{
        "label": "Subnav Link1",
        "URL": "#"
    }]
}, {
    "label": "Help",
    "icon": "help",
    "URL": "help"
}, {
    "label": "Contact",
    "icon": "contact",
    "URL": "contact"
}, {
    "label": "Refresh",
    "icon": "refresh",
    "URL": "refresh"
}, {
    "label": "User",
    "icon": "user",
    "URL": "user"
}, {
    "label": "Logout",
    "icon": "logout",
    "URL": "logout"
}]
